node_name,country_name,is_home,merchant,base_trading_power,calculated_trading_power
african_great_lakes,KON,False,False,4.017,4.017
african_great_lakes,LUB,False,False,11.693,11.693
african_great_lakes,LND,False,False,2.183,2.183
african_great_lakes,KIK,False,False,5.391,5.391
african_great_lakes,KZB,False,False,9.081,9.081
african_great_lakes,KLD,False,False,5.055,5.055
african_great_lakes,KUB,False,False,7.398,7.398
african_great_lakes,RWA,True,False,17.51,17.51
african_great_lakes,BUU,True,False,12.269,12.269
african_great_lakes,BUG,True,False,26.164,26.164
african_great_lakes,NKO,True,False,11.713,11.713
african_great_lakes,KRW,True,False,15.155,15.155
african_great_lakes,BNY,True,False,15.194,15.194
african_great_lakes,BSG,True,False,12.269,12.269
african_great_lakes,UBH,True,False,18.669,18.669
kongo,BEN,False,False,5.743,5.743
kongo,KON,True,False,50.521,50.521
kongo,ZIM,False,False,23.349,23.349
kongo,JOL,False,False,4.16,4.16
kongo,TYO,True,False,10.513,10.513
kongo,KSJ,True,False,16.318,16.318
kongo,LUB,True,False,28.404,28.404
kongo,LND,True,False,24.735,24.735
kongo,CKW,True,False,12.269,12.269
kongo,KIK,True,False,14.146,14.146
kongo,KZB,True,False,21.115,21.115
kongo,YAK,True,False,14.583,14.583
kongo,KLD,True,False,13.509,13.509
kongo,KUB,True,False,24.589,24.589
kongo,MRA,False,False,13.645,13.645
kongo,LDU,False,False,6.377,6.377
kongo,TBK,False,False,5.716,5.716
kongo,RZW,False,False,5.958,5.958
kongo,NDO,False,False,7.718,7.718
zambezi,ZAN,False,False,23.604,23.604
zambezi,ZIM,True,False,56.972,56.972
zambezi,SFA,False,False,12.522,12.522
zambezi,MBA,False,False,3.908,3.908
zambezi,MLI,False,False,2.386,2.386
zambezi,MRA,True,False,35.559,35.559
zambezi,LDU,True,False,15.786,15.786
zambezi,TBK,True,False,14.756,14.756
zambezi,MKU,True,False,10.948,10.948
zambezi,RZW,True,False,14.844,14.844
zambezi,SKA,False,False,14.361,14.361
zambezi,BTS,False,False,2.41,2.41
patagonia,MPC,True,False,8.801,8.801
patagonia,CUA,False,False,4.964,4.964
amazonas_node,TPA,True,False,9.093,9.093
amazonas_node,ARW,True,False,8.801,8.801
rio_grande,AZT,False,False,3.706,3.706
rio_grande,NAH,True,False,8.758,8.758
rio_grande,CNK,False,False,3.628,3.628
rio_grande,TLA,False,False,3.01,3.01
rio_grande,TOT,False,False,3.811,3.811
rio_grande,WIC,True,False,8.515,8.515
rio_grande,XAL,False,False,2.286,2.286
rio_grande,HST,False,False,0.879,0.879
rio_grande,KER,True,False,9.018,9.018
rio_grande,ZNI,True,False,8.532,8.532
rio_grande,MSC,True,False,8.532,8.532
rio_grande,LIP,True,False,8.515,8.515
rio_grande,HNI,True,False,8.515,8.515
rio_grande,OHK,True,False,15.054,15.054
rio_grande,ISL,True,False,9.107,9.107
rio_grande,ACO,True,False,9.018,9.018
james_bay,ASI,True,False,8.637,8.637
james_bay,BLA,True,False,8.619,8.619
james_bay,CHY,True,False,9.26,9.26
james_bay,WCR,True,False,8.637,8.637
james_bay,ARP,True,False,8.515,8.515
james_bay,CNK,False,False,3.628,3.628
james_bay,KIO,True,False,8.637,8.637
james_bay,STA,False,False,3.694,3.694
james_bay,NEH,True,False,8.499,8.499
james_bay,NAK,True,False,8.637,8.637
california,APA,True,False,8.532,8.532
california,PIM,True,False,8.515,8.515
california,SHO,True,False,8.637,8.637
california,CNK,True,False,25.204,25.204
california,HDA,True,False,8.801,8.801
california,SAL,True,False,9.565,9.565
california,XAL,False,False,0.879,0.879
california,YAQ,True,False,8.801,8.801
california,YKT,True,False,8.499,8.499
girin,SHY,False,False,6.384,6.384
girin,AMA,False,False,1.994,1.994
girin,HSK,False,False,5.793,5.793
girin,OUC,False,False,7.835,7.835
girin,UES,False,False,4.729,4.729
girin,YMN,False,False,1.994,1.994
girin,ANU,False,False,0.886,0.886
girin,KHA,False,False,4.566,4.566
girin,KOR,False,False,15.045,15.045
girin,MNG,False,False,20.587,20.587
girin,SOO,False,False,1.994,1.994
girin,NVK,True,False,33.787,33.787
girin,SOL,True,False,17.864,17.864
girin,EJZ,True,False,11.811,11.811
girin,NHX,True,False,18.464,18.464
girin,MYR,True,False,16.297,16.297
girin,MHX,True,False,29.159,29.159
girin,MJZ,True,False,37.326,37.326
girin,KRC,True,False,18.057,18.057
girin,CHU,True,False,12.095,12.095
girin,HOD,True,False,7.927,7.927
girin,CHV,True,False,22.285,22.285
girin,KMC,True,False,22.285,22.285
mississippi_river,CAD,True,False,8.532,8.532
mississippi_river,CHI,True,False,9.05,9.05
mississippi_river,CHO,True,False,9.018,9.018
mississippi_river,COM,True,False,8.515,8.515
mississippi_river,FOX,False,False,3.071,3.071
mississippi_river,PAW,True,False,8.74,8.74
mississippi_river,ABI,True,False,8.654,8.654
mississippi_river,COW,True,False,9.26,9.26
mississippi_river,NTZ,True,False,8.532,8.532
mississippi_river,CAQ,True,False,8.414,8.414
mississippi_river,PCH,True,False,8.532,8.532
mississippi_river,QUI,True,False,9.018,9.018
mississippi_river,ATA,True,False,8.893,8.893
mississippi_river,ANL,True,False,9.018,9.018
mississippi_river,NTC,True,False,9.018,9.018
mississippi_river,WCY,True,False,9.26,9.26
mississippi_river,LAK,True,False,8.515,8.515
ohio,CHE,False,False,4.717,4.717
ohio,FOX,True,False,25.215,25.215
ohio,LEN,False,False,3.049,3.049
ohio,MMI,True,False,10.676,10.676
ohio,OJI,True,False,12.599,12.599
ohio,OSA,True,False,10.554,10.554
ohio,OTT,True,False,10.655,10.655
ohio,POT,True,False,11.253,11.253
ohio,SIO,True,False,10.655,10.655
ohio,SUS,True,False,10.554,10.554
ohio,ALT,False,False,4.044,4.044
ohio,COF,False,False,4.717,4.717
ohio,JOA,False,False,4.787,4.787
ohio,ETO,False,False,4.044,4.044
ohio,SAT,False,False,4.044,4.044
ohio,CIA,False,False,4.717,4.717
ohio,COO,False,False,4.717,4.717
ohio,CCA,True,False,10.676,10.676
ohio,OEO,True,False,12.475,12.475
ohio,MOH,True,False,12.475,12.475
ohio,ONE,True,False,11.875,11.875
ohio,ONO,True,False,13.674,13.674
ohio,CAY,True,False,11.875,11.875
ohio,SEN,True,False,11.275,11.275
ohio,TAH,True,False,11.875,11.875
ohio,ATT,True,False,13.674,13.674
ohio,AGG,True,False,12.293,12.293
ohio,ATW,True,False,12.302,12.302
ohio,ARN,True,False,11.851,11.851
ohio,TIO,True,False,11.875,11.875
ohio,STA,False,False,3.694,3.694
ohio,ERI,True,False,11.875,11.875
ohio,WEN,True,False,11.875,11.875
ohio,CAO,True,False,12.847,12.847
ohio,PEO,True,False,10.533,10.533
ohio,KSK,True,False,12.11,12.11
ohio,HWK,True,False,11.875,11.875
ohio,CLG,True,False,10.676,10.676
ohio,KSP,True,False,10.676,10.676
ohio,MSG,True,False,11.275,11.275
mexico,AZT,True,False,25.609,25.609
mexico,ZAP,True,False,13.019,13.019
mexico,CLM,True,False,15.722,15.722
mexico,COC,True,False,13.697,13.697
mexico,ITZ,True,False,10.716,10.716
mexico,KIC,True,False,11.898,11.898
mexico,MIX,True,False,10.336,10.336
mexico,TAR,True,False,14.356,14.356
mexico,TLA,True,False,22.203,22.203
mexico,TLX,True,False,13.628,13.628
mexico,TOT,True,False,26.134,26.134
mexico,XIU,True,False,13.567,13.567
mexico,MCA,False,False,2.827,2.827
mexico,MAT,True,False,12.172,12.172
mexico,COI,True,False,10.757,10.757
mexico,TEO,True,False,10.13,10.13
mexico,XAL,True,False,18.511,18.511
mexico,GAM,True,False,8.532,8.532
mexico,HST,True,False,7.956,7.956
mexico,CCM,True,False,8.515,8.515
mexico,OTO,True,False,9.169,9.169
mexico,YOK,True,False,10.849,10.849
mexico,LAC,True,False,10.263,10.263
mexico,KAQ,True,False,10.33,10.33
mexico,CTM,True,False,12.943,12.943
mexico,CHT,False,False,0.87,0.87
mexico,CNP,True,False,11.651,11.651
mexico,TON,True,False,9.9,9.9
lhasa,AFG,False,False,5.8,5.8
lhasa,ARK,False,False,2.638,2.638
lhasa,MNG,False,False,12.085,12.085
lhasa,SYG,True,False,9.252,9.252
lhasa,UTS,True,False,40.032,40.032
lhasa,KAM,False,False,16.353,16.353
lhasa,GUG,True,False,13.263,13.263
lhasa,PHA,True,False,14.687,14.687
lhasa,BNG,False,False,27.728,27.728
lhasa,JNP,False,False,4.798,4.798
lhasa,MUL,False,False,3.039,3.039
lhasa,ORI,False,False,3.968,3.968
lhasa,KMT,False,False,7.084,7.084
lhasa,TRT,False,False,2.337,2.337
lhasa,MBL,False,False,4.707,4.707
lhasa,GRK,True,False,14.611,14.611
lhasa,LWA,True,False,14.661,14.661
lhasa,KTU,True,False,17.533,17.533
lhasa,SRH,False,False,8.889,8.889
lhasa,AVA,False,False,20.084,20.084
lhasa,HSE,False,False,6.402,6.402
lhasa,MYA,False,False,8.424,8.424
lhasa,MMA,False,False,6.066,6.066
lhasa,MKA,False,False,7.098,7.098
lhasa,MNI,False,False,5.716,5.716
lhasa,KAL,False,False,6.108,6.108
lhasa,HSI,False,False,6.739,6.739
chengdu,DAI,False,False,9.932,9.932
chengdu,LXA,False,False,36.224,36.224
chengdu,MNG,False,False,106.551,106.551
chengdu,PEG,False,False,7.647,7.647
chengdu,KAM,True,False,31.419,31.419
chengdu,AVA,False,False,25.325,25.325
chengdu,HSE,False,False,6.402,6.402
chengdu,MPH,False,False,4.028,4.028
chengdu,MYA,False,False,8.424,8.424
chengdu,MMA,True,False,15.42,15.42
chengdu,MKA,False,False,7.098,7.098
chengdu,MNI,False,False,5.716,5.716
chengdu,KAL,False,False,6.108,6.108
chengdu,HSI,False,False,6.739,6.739
burma,ARK,False,False,4.66,4.66
burma,AYU,False,False,11.8,11.8
burma,CHA,False,False,3.808,3.808
burma,KHM,False,False,11.86,11.86
burma,LNA,False,False,4.903,4.903
burma,LXA,False,False,8.033,8.033
burma,PEG,True,False,49.357,49.357
burma,SUK,False,False,1.986,1.986
burma,TAU,True,False,10.225,10.225
burma,BNG,False,False,30.787,30.787
burma,ASS,True,False,16.054,16.054
burma,JNP,False,False,4.774,4.774
burma,ORI,False,False,5.99,5.99
burma,GRJ,False,False,1.986,1.986
burma,KAC,True,False,9.26,9.26
burma,KMT,False,False,3.409,3.409
burma,MLB,True,False,8.29,8.29
burma,NGP,False,False,2.018,2.018
burma,TRT,False,False,4.359,4.359
burma,TPR,True,False,7.789,7.789
burma,SDY,True,False,8.515,8.515
burma,MBL,False,False,2.018,2.018
burma,PTT,False,False,2.048,2.048
burma,KJH,False,False,1.986,1.986
burma,PRD,False,False,1.986,1.986
burma,KTU,False,False,1.994,1.994
burma,AVA,True,False,39.809,39.809
burma,HSE,True,False,12.226,12.226
burma,MPH,False,False,2.014,2.014
burma,MYA,True,False,13.97,13.97
burma,MKA,True,False,12.782,12.782
burma,MPA,True,False,9.716,9.716
burma,MNI,True,False,11.654,11.654
burma,KAL,True,False,11.98,11.98
burma,HSI,True,False,12.545,12.545
burma,BPR,True,False,9.784,9.784
gulf_of_siam,ARK,False,False,2.022,2.022
gulf_of_siam,ATJ,False,False,4.543,4.543
gulf_of_siam,AYU,True,False,66.019,66.019
gulf_of_siam,BEI,False,False,8.852,8.852
gulf_of_siam,CHA,True,False,29.989,29.989
gulf_of_siam,DAI,False,False,14.645,14.645
gulf_of_siam,KHM,True,False,66.35,66.35
gulf_of_siam,LNA,True,False,23.621,23.621
gulf_of_siam,LXA,True,False,44.639,44.639
gulf_of_siam,MLC,False,False,9.362,9.362
gulf_of_siam,MNG,False,False,29.712,29.712
gulf_of_siam,PAT,False,False,4.608,4.608
gulf_of_siam,SUK,True,False,17.822,17.822
gulf_of_siam,SUL,False,False,1.974,1.974
gulf_of_siam,KED,False,False,2.022,2.022
gulf_of_siam,LIG,False,False,1.986,1.986
gulf_of_siam,MPH,True,False,10.187,10.187
gulf_of_siam,PGR,False,False,2.022,2.022
gulf_of_siam,PLB,False,False,5.823,5.823
gulf_of_siam,PSA,False,False,7.123,7.123
gulf_of_siam,SAK,False,False,5.0,5.0
gulf_of_siam,MGD,False,False,2.022,2.022
gulf_of_siam,MAS,False,False,2.022,2.022
gulf_of_siam,TDO,False,False,2.018,2.018
gulf_of_siam,MNA,False,False,2.018,2.018
gulf_of_siam,CEB,False,False,2.018,2.018
gulf_of_siam,SMB,False,False,2.022,2.022
gulf_of_siam,BRS,False,False,2.022,2.022
gulf_of_siam,DLI,False,False,2.022,2.022
gulf_of_siam,JMB,False,False,2.022,2.022
gulf_of_siam,PAH,False,False,2.002,2.002
gulf_of_siam,KEL,False,False,2.022,2.022
gulf_of_siam,IND,False,False,2.022,2.022
gulf_of_siam,JAR,True,False,8.515,8.515
gulf_of_siam,RHA,True,False,8.515,8.515
gulf_of_siam,KOH,True,False,8.515,8.515
canton,ATJ,False,False,2.521,2.521
canton,BEI,False,False,6.83,6.83
canton,DAI,True,False,66.712,66.712
canton,MLC,False,False,9.362,9.362
canton,MNG,False,False,188.011,188.011
canton,PAT,False,False,4.608,4.608
canton,SUL,False,False,4.034,4.034
canton,LIG,False,False,1.986,1.986
canton,PLB,False,False,3.501,3.501
canton,PSA,False,False,5.101,5.101
canton,SAK,False,False,2.978,2.978
canton,KUT,False,False,2.022,2.022
canton,BNJ,False,False,2.022,2.022
canton,MGD,False,False,2.022,2.022
canton,MAS,False,False,4.293,4.293
canton,PGS,False,False,2.018,2.018
canton,TDO,False,False,2.018,2.018
canton,MNA,False,False,5.646,5.646
canton,CEB,False,False,5.295,5.295
canton,BTU,False,False,2.018,2.018
canton,BEU,False,False,2.022,2.022
canton,SMB,False,False,2.022,2.022
canton,DLI,False,False,2.022,2.022
canton,JMB,False,False,2.022,2.022
canton,PAH,False,False,2.002,2.002
canton,KEL,False,False,2.022,2.022
philippines,BEI,False,False,2.288,2.288
philippines,MAJ,False,False,8.524,8.524
philippines,MKS,False,False,6.243,6.243
philippines,SUL,True,False,30.197,30.197
philippines,BTN,False,False,2.018,2.018
philippines,SUN,False,False,8.25,8.25
philippines,LUW,False,False,2.042,2.042
philippines,MGD,True,False,27.934,27.934
philippines,TER,False,False,2.018,2.018
philippines,TID,False,False,2.018,2.018
philippines,MAS,True,False,24.508,24.508
philippines,PGS,True,False,26.604,26.604
philippines,TDO,True,False,28.866,28.866
philippines,MNA,True,False,39.872,39.872
philippines,CEB,True,False,35.351,35.351
philippines,BTU,True,False,26.604,26.604
philippines,BNE,False,False,2.022,2.022
cuiaba,CHM,False,False,2.873,2.873
cuiaba,CSU,False,False,2.824,2.824
cuiaba,CCQ,True,False,17.192,17.192
cuiaba,QTO,False,False,5.963,5.963
cuiaba,CUA,False,False,4.964,4.964
cuiaba,CLA,True,False,24.014,24.014
cuiaba,CRA,True,False,14.085,14.085
cuiaba,PCJ,True,False,12.874,12.874
cuiaba,ICM,False,False,3.28,3.28
lima,CHM,True,False,21.443,21.443
lima,CSU,True,False,21.258,21.258
lima,MCA,False,False,2.827,2.827
lima,QTO,True,False,36.878,36.878
lima,CJA,True,False,10.959,10.959
lima,HJA,True,False,10.231,10.231
lima,WKA,True,False,9.746,9.746
lima,CYA,True,False,8.642,8.642
lima,ICM,True,False,23.472,23.472
polynesia_node,MAA,True,False,25.598,25.598
polynesia_node,TAN,True,False,26.184,26.184
polynesia_node,TAK,True,False,25.305,25.305
polynesia_node,TNK,True,False,26.184,26.184
polynesia_node,TEA,True,False,26.184,26.184
polynesia_node,TTT,True,False,26.133,26.133
polynesia_node,WAI,True,False,22.359,22.359
polynesia_node,HAW,True,False,29.291,29.291
polynesia_node,MAU,True,False,28.706,28.706
polynesia_node,OAH,True,False,36.021,36.021
polynesia_node,KAA,True,False,28.706,28.706
polynesia_node,TOG,True,False,36.825,36.825
polynesia_node,SAM,True,False,29.525,29.525
polynesia_node,VIL,True,False,22.914,22.914
polynesia_node,VNL,True,False,22.337,22.337
polynesia_node,LAI,True,False,22.066,22.066
australia,TIW,True,False,9.403,9.403
australia,LAR,True,False,19.108,19.108
australia,YOL,True,False,9.273,9.273
australia,YNU,True,False,8.818,8.818
australia,AWN,True,False,9.403,9.403
australia,GMI,True,False,10.211,10.211
australia,MIA,True,False,9.385,9.385
australia,EOR,True,False,18.474,18.474
australia,KAU,True,False,17.304,17.304
australia,PLW,True,False,9.696,9.696
australia,WRU,True,False,18.474,18.474
australia,NOO,True,False,17.854,17.854
australia,MLG,True,False,9.385,9.385
nippon,AMA,True,False,12.418,12.418
nippon,DTE,True,False,15.563,15.563
nippon,HSK,True,False,28.585,28.585
nippon,HTK,True,False,11.504,11.504
nippon,IMG,True,False,10.159,10.159
nippon,ODA,True,False,10.069,10.069
nippon,OTM,True,False,11.575,11.575
nippon,OUC,True,False,42.01,42.01
nippon,SBA,True,False,11.605,11.605
nippon,SMZ,True,False,11.575,11.575
nippon,TKD,True,False,9.132,9.132
nippon,TKG,True,False,9.002,9.002
nippon,UES,True,False,30.627,30.627
nippon,YMN,True,False,16.833,16.833
nippon,RFR,True,False,15.274,15.274
nippon,ASK,True,False,24.367,24.367
nippon,KTB,True,False,10.707,10.707
nippon,ANU,True,False,12.717,12.717
nippon,AKT,True,False,11.575,11.575
nippon,CBA,True,False,10.042,10.042
nippon,ISK,True,False,10.996,10.996
nippon,ITO,True,False,10.996,10.996
nippon,KKC,True,False,11.286,11.286
nippon,KNO,True,False,12.099,12.099
nippon,OGS,True,False,8.414,8.414
nippon,SHN,True,False,11.575,11.575
nippon,STK,True,False,10.707,10.707
nippon,TKI,True,False,9.611,9.611
nippon,UTN,True,False,8.414,8.414
nippon,TTI,True,False,9.132,9.132
nippon,KOR,True,False,86.076,86.076
nippon,MNG,False,False,39.443,39.443
nippon,RYU,True,False,12.537,12.537
nippon,SOO,True,False,11.145,11.145
hangzhou,ATJ,False,False,2.521,2.521
hangzhou,BEI,False,False,6.83,6.83
hangzhou,MLC,False,False,7.14,7.14
hangzhou,MNG,False,False,236.466,236.466
hangzhou,PAT,False,False,2.586,2.586
hangzhou,PLB,False,False,3.501,3.501
hangzhou,PSA,False,False,5.101,5.101
hangzhou,SAK,False,False,2.978,2.978
xian,KHA,False,False,36.623,36.623
xian,MNG,False,False,161.183,161.183
xian,OIR,False,False,49.517,49.517
xian,KRC,False,False,21.653,21.653
xian,HMI,False,False,2.92,2.92
xian,KAS,False,False,2.717,2.717
beijing,KHA,False,False,6.82,6.82
beijing,MNG,True,False,143.764,143.764
beijing,OIR,False,False,5.232,5.232
beijing,KRC,False,False,1.819,1.819
beijing,HMI,False,False,2.92,2.92
beijing,KAS,False,False,2.717,2.717
the_moluccas,ATJ,False,False,2.521,2.521
the_moluccas,BLI,True,False,13.582,13.582
the_moluccas,BEI,False,False,8.852,8.852
the_moluccas,MAJ,True,False,50.177,50.177
the_moluccas,MKS,True,False,44.306,44.306
the_moluccas,MLC,False,False,9.362,9.362
the_moluccas,PAT,False,False,2.586,2.586
the_moluccas,BLM,True,False,14.317,14.317
the_moluccas,BTN,True,False,23.643,23.643
the_moluccas,PLB,False,False,5.823,5.823
the_moluccas,PSA,False,False,5.101,5.101
the_moluccas,SAK,False,False,5.0,5.0
the_moluccas,SUN,True,False,52.262,52.262
the_moluccas,KUT,False,False,2.022,2.022
the_moluccas,LUW,True,False,29.392,29.392
the_moluccas,TER,True,False,21.392,21.392
the_moluccas,TID,True,False,19.174,19.174
the_moluccas,BNE,True,False,28.808,28.808
the_moluccas,BEU,False,False,2.022,2.022
siberia,KAZ,False,False,6.945,6.945
siberia,MOS,False,False,4.858,4.858
siberia,SHY,True,False,93.652,93.652
siberia,TRS,False,False,11.046,11.046
siberia,CHG,False,False,2.207,2.207
siberia,OIR,False,False,5.478,5.478
siberia,KAS,False,False,4.802,4.802
yumen,SHY,False,False,4.102,4.102
yumen,TRS,False,False,11.046,11.046
yumen,CHG,True,False,46.06,46.06
yumen,KHA,True,False,57.929,57.929
yumen,MNG,False,False,6.611,6.611
yumen,OIR,True,False,79.901,79.901
yumen,HMI,True,False,26.036,26.036
yumen,KAS,False,False,18.391,18.391
malacca,ARK,False,False,6.682,6.682
malacca,ATJ,True,False,26.075,26.075
malacca,BEI,True,False,54.228,54.228
malacca,MLC,True,False,91.584,91.584
malacca,PAT,True,False,33.658,33.658
malacca,BNG,False,False,31.796,31.796
malacca,JNP,False,False,4.779,4.779
malacca,ORI,False,False,5.99,5.99
malacca,TRT,False,False,2.337,2.337
malacca,KED,True,False,21.497,21.497
malacca,LIG,True,False,20.426,20.426
malacca,PGR,True,False,18.293,18.293
malacca,PLB,True,False,32.772,32.772
malacca,PSA,True,False,40.251,40.251
malacca,SAK,True,False,28.737,28.737
malacca,KUT,True,False,24.207,24.207
malacca,BNJ,True,False,22.564,22.564
malacca,BEU,True,False,24.873,24.873
malacca,SMB,True,False,29.257,29.257
malacca,BRS,True,False,17.698,17.698
malacca,DLI,True,False,20.381,20.381
malacca,JMB,True,False,12.691,12.691
malacca,PAH,True,False,13.991,13.991
malacca,KEL,True,False,14.758,14.758
malacca,IND,True,False,16.087,16.087
ganges_delta,ARK,True,False,42.017,42.017
ganges_delta,BNG,True,False,169.032,169.032
ganges_delta,DLH,False,False,5.329,5.329
ganges_delta,VIJ,False,False,27.764,27.764
ganges_delta,JNP,False,False,76.584,76.584
ganges_delta,MAD,False,False,2.02,2.02
ganges_delta,ORI,True,False,37.176,37.176
ganges_delta,GDW,False,False,9.027,9.027
ganges_delta,GRJ,True,False,8.962,8.962
ganges_delta,GWA,False,False,4.707,4.707
ganges_delta,VND,False,False,2.022,2.022
ganges_delta,MAB,False,False,5.311,5.311
ganges_delta,BST,True,False,8.775,8.775
ganges_delta,BND,False,False,3.972,3.972
ganges_delta,CEY,False,False,4.592,4.592
ganges_delta,KMT,True,False,11.101,11.101
ganges_delta,KOC,False,False,2.022,2.022
ganges_delta,BGL,False,False,5.295,5.295
ganges_delta,JFN,False,False,1.986,1.986
ganges_delta,CHD,False,False,4.036,4.036
ganges_delta,NGP,True,False,10.158,10.158
ganges_delta,TRT,True,False,20.62,20.62
ganges_delta,YOR,False,False,11.209,11.209
ganges_delta,DGL,False,False,2.014,2.014
ganges_delta,MBL,True,False,10.784,10.784
ganges_delta,PAN,False,False,4.028,4.028
ganges_delta,KLP,False,False,7.612,7.612
ganges_delta,PTT,True,False,18.846,18.846
ganges_delta,RTT,True,False,10.136,10.136
ganges_delta,KLH,True,False,7.789,7.789
ganges_delta,KJH,True,False,8.7,8.7
ganges_delta,PRD,True,False,8.437,8.437
ganges_delta,JPR,True,False,7.665,7.665
ganges_delta,KND,False,False,4.006,4.006
ganges_delta,TLG,False,False,6.619,6.619
ganges_delta,KLT,False,False,2.022,2.022
ganges_delta,DNG,False,False,4.036,4.036
ganges_delta,DTI,False,False,4.036,4.036
ganges_delta,JML,False,False,4.044,4.044
ganges_delta,KTU,False,False,1.713,1.713
doab,AFG,False,False,23.342,23.342
doab,BAH,False,False,70.621,70.621
doab,DLH,True,False,53.192,53.192
doab,JNP,True,False,143.732,143.732
doab,MLW,False,False,28.271,28.271
doab,MER,False,False,1.299,1.299
doab,MUL,False,False,17.793,17.793
doab,GDW,False,False,9.989,9.989
doab,GWA,True,False,13.026,13.026
doab,DHU,True,False,21.553,21.553
doab,KSH,False,False,8.407,8.407
doab,KHD,False,False,14.18,14.18
doab,MEW,True,False,12.775,12.775
doab,BND,True,False,11.148,11.148
doab,KGR,True,False,10.291,10.291
doab,HAD,True,False,12.643,12.643
doab,LDK,False,False,5.06,5.06
doab,BGL,True,False,13.917,13.917
doab,GHR,True,False,9.807,9.807
doab,CHD,False,False,4.036,4.036
doab,NGP,False,False,0.712,0.712
doab,CMP,False,False,4.036,4.036
doab,IDR,False,False,4.036,4.036
doab,JLV,False,False,4.044,4.044
doab,PAN,True,False,0.243,0.243
doab,KLP,True,False,18.178,18.178
doab,TLG,False,False,6.619,6.619
doab,DNG,True,False,11.311,11.311
doab,DTI,True,False,10.779,10.779
doab,JML,True,False,11.332,11.332
doab,SRM,True,False,9.807,9.807
doab,KMN,True,False,9.807,9.807
doab,SRH,False,False,45.63,45.63
lahore,SRV,False,False,4.153,4.153
lahore,SHY,False,False,4.102,4.102
lahore,AFG,True,False,61.883,61.883
lahore,QAR,False,False,6.887,6.887
lahore,TIM,False,False,18.531,18.531
lahore,TRS,False,False,55.068,55.068
lahore,TAB,False,False,4.329,4.329
lahore,QOM,False,False,8.909,8.909
lahore,CHG,False,False,2.207,2.207
lahore,KAS,False,False,25.445,25.445
lahore,BAL,True,False,25.415,25.415
lahore,DLH,False,False,1.808,1.808
lahore,VIJ,False,False,2.716,2.716
lahore,GUJ,False,False,16.634,16.634
lahore,MER,False,False,24.932,24.932
lahore,MUL,True,False,38.635,38.635
lahore,SND,False,False,7.06,7.06
lahore,JAN,False,False,3.972,3.972
lahore,KSH,True,False,22.297,22.297
lahore,JSL,False,False,4.036,4.036
lahore,NGA,False,False,5.38,5.38
lahore,LDK,True,False,13.481,13.481
lahore,BGA,False,False,4.036,4.036
lahore,IDR,False,False,4.036,4.036
lahore,JLV,False,False,4.044,4.044
lahore,SRH,True,False,94.828,94.828
deccan,BAH,True,False,160.085,160.085
deccan,MYS,False,False,8.366,8.366
deccan,VIJ,False,False,72.827,72.827
deccan,GUJ,False,False,16.634,16.634
deccan,MAD,False,False,4.712,4.712
deccan,MLW,True,False,56.502,56.502
deccan,MER,False,False,24.932,24.932
deccan,ORI,False,False,2.17,2.17
deccan,SND,False,False,7.06,7.06
deccan,JAN,False,False,3.972,3.972
deccan,GDW,True,False,19.322,19.322
deccan,KHD,True,False,36.877,36.877
deccan,VND,False,False,6.066,6.066
deccan,MAB,False,False,7.529,7.529
deccan,CEY,False,False,10.982,10.982
deccan,JSL,False,False,4.036,4.036
deccan,KAT,False,False,6.402,6.402
deccan,KOC,False,False,4.717,4.717
deccan,NGA,False,False,5.38,5.38
deccan,JFN,False,False,3.972,3.972
deccan,CHD,True,False,9.913,9.913
deccan,CMP,True,False,11.577,11.577
deccan,BGA,False,False,4.036,4.036
deccan,YOR,False,False,22.633,22.633
deccan,IDR,False,False,4.036,4.036
deccan,JLV,False,False,4.044,4.044
deccan,PTL,False,False,4.717,4.717
deccan,JGD,False,False,6.402,6.402
deccan,PRB,False,False,4.044,4.044
deccan,KND,False,False,7.742,7.742
deccan,TLG,True,False,18.025,18.025
deccan,KLT,False,False,4.38,4.38
comorin_cape,ADE,False,False,4.388,4.388
comorin_cape,HDR,False,False,2.533,2.533
comorin_cape,MHR,False,False,2.022,2.022
comorin_cape,YEM,False,False,2.889,2.889
comorin_cape,ORM,False,False,2.222,2.222
comorin_cape,ADA,False,False,6.946,6.946
comorin_cape,AJU,False,False,2.233,2.233
comorin_cape,MDI,False,False,3.743,3.743
comorin_cape,MYS,True,False,12.82,12.82
comorin_cape,VIJ,True,False,177.931,177.931
comorin_cape,GUJ,False,False,20.881,20.881
comorin_cape,MAD,True,False,28.217,28.217
comorin_cape,MER,False,False,4.518,4.518
comorin_cape,ORI,False,False,6.444,6.444
comorin_cape,SND,False,False,9.082,9.082
comorin_cape,VND,True,False,32.067,32.067
comorin_cape,MAB,True,False,45.073,45.073
comorin_cape,CEY,True,False,38.397,38.397
comorin_cape,KAT,False,False,2.022,2.022
comorin_cape,KOC,True,False,28.24,28.24
comorin_cape,JFN,True,False,17.584,17.584
comorin_cape,YOR,True,False,82.878,82.878
comorin_cape,DGL,True,False,24.852,24.852
comorin_cape,PTL,False,False,4.044,4.044
comorin_cape,JGD,False,False,4.044,4.044
comorin_cape,PRB,False,False,4.044,4.044
comorin_cape,KND,True,False,27.658,27.658
comorin_cape,KLT,True,False,36.669,36.669
gujarat,ADE,False,False,8.432,8.432
gujarat,ALH,False,False,2.022,2.022
gujarat,HDR,False,False,6.977,6.977
gujarat,MHR,False,False,2.022,2.022
gujarat,OMA,False,False,2.018,2.018
gujarat,YEM,False,False,4.911,4.911
gujarat,MSY,False,False,2.018,2.018
gujarat,TIM,False,False,3.04,3.04
gujarat,ORM,False,False,11.169,11.169
gujarat,FRS,False,False,9.661,9.661
gujarat,ZAN,False,False,6.788,6.788
gujarat,ADA,False,False,8.974,8.974
gujarat,SFA,False,False,5.241,5.241
gujarat,MBA,False,False,3.908,3.908
gujarat,MLI,False,False,2.386,2.386
gujarat,AJU,False,False,4.255,4.255
gujarat,MDI,False,False,3.743,3.743
gujarat,MRE,False,False,2.026,2.026
gujarat,WAR,False,False,2.022,2.022
gujarat,SKA,False,False,2.926,2.926
gujarat,BTS,False,False,2.41,2.41
gujarat,BAL,False,False,8.088,8.088
gujarat,VIJ,False,False,13.584,13.584
gujarat,GUJ,True,False,113.848,113.848
gujarat,MER,True,False,33.114,33.114
gujarat,SND,True,False,57.683,57.683
gujarat,JAN,True,False,7.682,7.682
gujarat,JSL,True,False,6.915,6.915
gujarat,KAT,True,False,29.783,29.783
gujarat,NGA,True,False,8.911,8.911
gujarat,BGA,True,False,10.203,10.203
gujarat,PTL,True,False,13.708,13.708
gujarat,JGD,True,False,14.98,14.98
gujarat,PRB,True,False,24.764,24.764
katsina,ETH,False,False,5.406,5.406
katsina,MAL,False,False,5.318,5.318
katsina,SON,False,False,23.654,23.654
katsina,KBO,True,False,35.402,35.402
katsina,OYO,True,False,18.466,18.466
katsina,WGD,False,False,8.424,8.424
katsina,GUR,False,False,4.044,4.044
katsina,WAD,False,False,4.036,4.036
katsina,ALO,False,False,3.35,3.35
katsina,AIR,True,False,24.541,24.541
katsina,BON,False,False,6.054,6.054
katsina,DAH,False,False,4.036,4.036
katsina,DGB,False,False,4.044,4.044
katsina,JNN,False,False,21.735,21.735
katsina,KAN,True,False,24.185,24.185
katsina,KNG,False,False,6.739,6.739
katsina,KTS,True,False,41.01,41.01
katsina,NUP,True,False,13.996,13.996
katsina,TMB,False,False,19.469,19.469
katsina,YAO,True,False,32.395,32.395
katsina,YAT,False,False,7.75,7.75
katsina,ZZZ,True,False,23.043,23.043
ethiopia,ADE,False,False,4.388,4.388
ethiopia,HDR,False,False,2.533,2.533
ethiopia,HED,False,False,4.619,4.619
ethiopia,MAK,False,False,5.045,5.045
ethiopia,MFL,False,False,6.402,6.402
ethiopia,NJR,False,False,4.036,4.036
ethiopia,RAS,False,False,8.7,8.7
ethiopia,YEM,False,False,2.889,2.889
ethiopia,MAM,False,False,22.444,22.444
ethiopia,ETH,True,False,57.511,57.511
ethiopia,ADA,False,False,8.3,8.3
ethiopia,AJU,False,False,5.857,5.857
ethiopia,MDI,False,False,3.743,3.743
ethiopia,ENA,True,False,11.112,11.112
ethiopia,OGD,True,False,10.533,10.533
ethiopia,WAD,True,False,9.339,9.339
ethiopia,ALO,True,False,30.88,30.88
ethiopia,KAF,True,False,15.052,15.052
ethiopia,MED,True,False,14.261,14.261
ethiopia,MRE,False,False,0.726,0.726
ethiopia,BEJ,True,False,12.724,12.724
ethiopia,WLY,True,False,14.032,14.032
ethiopia,DAM,True,False,14.351,14.351
ethiopia,HDY,True,False,13.616,13.616
ethiopia,JJI,True,False,10.049,10.049
ethiopia,ABB,True,False,14.718,14.718
gulf_of_aden,ADE,True,False,45.223,45.223
gulf_of_aden,DAW,False,False,2.022,2.022
gulf_of_aden,HDR,True,False,35.996,35.996
gulf_of_aden,HED,False,False,6.605,6.605
gulf_of_aden,MDA,False,False,2.022,2.022
gulf_of_aden,MFL,True,False,16.076,16.076
gulf_of_aden,MHR,True,False,30.646,30.646
gulf_of_aden,NAJ,False,False,2.022,2.022
gulf_of_aden,NJR,True,False,9.359,9.359
gulf_of_aden,OMA,False,False,2.018,2.018
gulf_of_aden,RAS,True,False,11.888,11.888
gulf_of_aden,YAS,False,False,2.018,2.018
gulf_of_aden,YEM,True,False,39.207,39.207
gulf_of_aden,MAM,False,False,24.236,24.236
gulf_of_aden,TIM,False,False,3.04,3.04
gulf_of_aden,ORM,False,False,12.107,12.107
gulf_of_aden,FRS,False,False,9.661,9.661
gulf_of_aden,ETH,False,False,0.704,0.704
gulf_of_aden,ZAN,False,False,6.788,6.788
gulf_of_aden,ADA,True,False,59.326,59.326
gulf_of_aden,SFA,False,False,5.241,5.241
gulf_of_aden,MBA,False,False,7.944,7.944
gulf_of_aden,MLI,False,False,6.422,6.422
gulf_of_aden,AJU,True,False,26.718,26.718
gulf_of_aden,MDI,True,False,33.613,33.613
gulf_of_aden,MED,False,False,4.498,4.498
gulf_of_aden,MRE,True,False,21.031,21.031
gulf_of_aden,PTE,False,False,4.036,4.036
gulf_of_aden,WAR,True,False,32.83,32.83
gulf_of_aden,SKA,False,False,2.926,2.926
gulf_of_aden,BTS,False,False,2.41,2.41
hormuz,ALH,False,False,4.594,4.594
hormuz,DAW,False,False,2.022,2.022
hormuz,NAJ,False,False,2.022,2.022
hormuz,OMA,True,False,11.834,11.834
hormuz,SHM,False,False,2.022,2.022
hormuz,YAS,True,False,8.561,8.561
hormuz,MSY,False,False,6.963,6.963
hormuz,QAR,False,False,5.015,5.015
hormuz,TIM,False,False,15.202,15.202
hormuz,ORM,True,False,77.702,77.702
hormuz,LRI,False,False,1.986,1.986
hormuz,FRS,True,False,52.079,52.079
hormuz,BAL,False,False,6.347,6.347
zanzibar,ZAN,True,False,77.008,77.008
zanzibar,SFA,True,False,45.239,45.239
zanzibar,MBA,True,False,44.773,44.773
zanzibar,MLI,True,False,36.402,36.402
zanzibar,AJU,False,False,1.54,1.54
zanzibar,PTE,True,False,31.684,31.684
zanzibar,MIR,True,False,10.572,10.572
zanzibar,SKA,True,False,41.59,41.59
zanzibar,BTS,True,False,35.259,35.259
zanzibar,MFY,True,False,22.944,22.944
zanzibar,ANT,True,False,26.478,26.478
basra,ALH,True,False,23.886,23.886
basra,ANZ,True,False,6.013,6.013
basra,ARD,True,False,8.619,8.619
basra,DAW,True,False,10.123,10.123
basra,NAJ,True,False,8.859,8.859
basra,SHM,True,False,16.842,16.842
basra,SRV,False,False,4.153,4.153
basra,AKK,False,False,2.899,2.899
basra,KAR,False,False,2.139,2.139
basra,RAM,False,False,2.048,2.048
basra,MSY,True,False,46.029,46.029
basra,MAM,False,False,12.288,12.288
basra,KHO,False,False,8.631,8.631
basra,QAR,False,False,84.691,84.691
basra,TIM,False,False,9.22,9.22
basra,KRY,False,False,6.054,6.054
basra,TAB,False,False,14.082,14.082
basra,LRI,True,False,11.308,11.308
basra,SIS,False,False,6.619,6.619
basra,BPI,False,False,6.402,6.402
basra,QOM,False,False,44.792,44.792
samarkand,NOG,False,False,39.601,39.601
samarkand,GOL,False,False,9.501,9.501
samarkand,SRV,False,False,4.153,4.153
samarkand,SHY,False,False,11.28,11.28
samarkand,KHO,False,False,8.631,8.631
samarkand,QAR,False,False,6.887,6.887
samarkand,TIM,False,False,63.157,63.157
samarkand,TRS,True,False,114.716,114.716
samarkand,TAB,False,False,4.329,4.329
samarkand,SIS,False,False,6.619,6.619
samarkand,QOM,False,False,8.909,8.909
samarkand,CHG,False,False,6.531,6.531
samarkand,KAS,True,False,54.617,54.617
persia,NOG,False,False,35.249,35.249
persia,GOL,False,False,55.852,55.852
persia,SRV,True,False,36.604,36.604
persia,HSN,False,False,4.048,4.048
persia,BTL,False,False,9.336,9.336
persia,AKK,False,False,23.578,23.578
persia,KAR,False,False,2.139,2.139
persia,RAM,False,False,2.048,2.048
persia,AVR,False,False,4.302,4.302
persia,MLK,True,False,12.074,12.074
persia,SME,False,False,7.413,7.413
persia,ARL,True,False,13.722,13.722
persia,MAM,False,False,12.288,12.288
persia,KHO,True,False,19.658,19.658
persia,QAR,True,False,101.331,101.331
persia,TIM,True,False,112.378,112.378
persia,KRY,True,False,19.518,19.518
persia,GAZ,False,False,7.413,7.413
persia,TAB,True,False,40.061,40.061
persia,SIS,True,False,15.432,15.432
persia,BPI,True,False,20.196,20.196
persia,QOM,True,False,91.208,91.208
aleppo,BYZ,False,False,9.049,9.049
aleppo,CYP,True,False,15.534,15.534
aleppo,KNI,False,False,2.018,2.018
aleppo,NAX,False,False,1.992,1.992
aleppo,TUR,False,False,18.511,18.511
aleppo,ANZ,False,False,2.018,2.018
aleppo,FAD,True,False,9.556,9.556
aleppo,HED,False,False,4.619,4.619
aleppo,MDA,False,False,2.022,2.022
aleppo,HSN,True,False,9.385,9.385
aleppo,BTL,True,False,11.093,11.093
aleppo,AKK,True,False,23.742,23.742
aleppo,CND,False,False,6.009,6.009
aleppo,DUL,True,False,12.632,12.632
aleppo,KAR,True,False,21.818,21.818
aleppo,RAM,True,False,21.34,21.34
aleppo,MAM,False,False,86.01,86.01
aleppo,QAR,False,False,4.978,4.978
alexandria,ALB,False,False,2.042,2.042
alexandria,ATH,False,False,1.992,1.992
alexandria,BYZ,False,False,9.049,9.049
alexandria,CRO,False,False,1.992,1.992
alexandria,EPI,False,False,2.024,2.024
alexandria,KNI,False,False,2.018,2.018
alexandria,NAX,False,False,1.992,1.992
alexandria,RAG,False,False,2.228,2.228
alexandria,TUR,False,False,17.684,17.684
alexandria,PRO,False,False,8.532,8.532
alexandria,ARA,False,False,6.392,6.392
alexandria,FER,False,False,6.319,6.319
alexandria,GEN,False,False,14.172,14.172
alexandria,MAN,False,False,2.156,2.156
alexandria,MLO,False,False,5.804,5.804
alexandria,NAP,False,False,10.622,10.622
alexandria,PAP,False,False,6.352,6.352
alexandria,SAV,False,False,2.028,2.028
alexandria,SIE,False,False,2.022,2.022
alexandria,URB,False,False,4.116,4.116
alexandria,VEN,False,False,24.696,24.696
alexandria,LUC,False,False,4.782,4.782
alexandria,LAN,False,False,10.263,10.263
alexandria,ANZ,False,False,1.373,1.373
alexandria,HED,True,False,33.074,33.074
alexandria,MAK,True,False,10.158,10.158
alexandria,MDA,True,False,15.512,15.512
alexandria,CND,False,False,6.009,6.009
alexandria,MAM,True,False,130.476,130.476
alexandria,BEJ,False,False,1.339,1.339
astrakhan,MOL,False,False,4.925,4.925
astrakhan,LIT,False,False,3.026,3.026
astrakhan,GEN,False,False,8.291,8.291
astrakhan,CRI,False,False,30.65,30.65
astrakhan,GEO,False,False,15.041,15.041
astrakhan,KAZ,False,False,49.014,49.014
astrakhan,MOS,False,False,4.858,4.858
astrakhan,NOG,True,False,52.706,52.706
astrakhan,GOL,True,False,108.684,108.684
astrakhan,SRV,False,False,1.91,1.91
astrakhan,TRE,False,False,8.26,8.26
astrakhan,AVR,True,False,12.037,12.037
astrakhan,SME,False,False,7.413,7.413
astrakhan,CIR,False,False,8.761,8.761
astrakhan,GAZ,True,False,17.968,17.968
astrakhan,IME,False,False,14.855,14.855
crimea,BYZ,False,False,7.029,7.029
crimea,EPI,False,False,2.024,2.024
crimea,MOL,True,False,35.728,35.728
crimea,SER,False,False,2.022,2.022
crimea,WAL,False,False,21.127,21.127
crimea,HUN,False,False,12.859,12.859
crimea,TUR,False,False,22.206,22.206
crimea,LIT,False,False,85.019,85.019
crimea,MAZ,False,False,14.232,14.232
crimea,OKA,False,False,5.045,5.045
crimea,GEN,False,False,21.767,21.767
crimea,CRI,True,False,34.352,34.352
crimea,GEO,True,False,25.619,25.619
crimea,RYA,False,False,13.452,13.452
crimea,FEO,True,False,15.093,15.093
crimea,AKK,False,False,4.692,4.692
crimea,CND,False,False,3.987,3.987
crimea,TRE,True,False,24.207,24.207
crimea,SME,True,False,10.66,10.66
crimea,CIR,True,False,17.887,17.887
crimea,IME,True,False,29.042,29.042
constantinople,ALB,False,False,2.042,2.042
constantinople,ATH,False,False,4.071,4.071
constantinople,BOS,False,False,2.024,2.024
constantinople,BYZ,True,False,52.998,52.998
constantinople,CRO,False,False,4.685,4.685
constantinople,EPI,False,False,2.024,2.024
constantinople,KNI,True,False,14.737,14.737
constantinople,NAX,True,False,10.453,10.453
constantinople,RAG,False,False,7.218,7.218
constantinople,SER,False,False,4.301,4.301
constantinople,TUR,True,False,141.305,141.305
constantinople,GEN,False,False,3.474,3.474
constantinople,VEN,False,False,7.929,7.929
constantinople,CND,True,False,34.779,34.779
constantinople,HRZ,False,False,2.022,2.022
kiev,LIT,True,False,145.856,145.856
kiev,MAZ,False,False,17.162,17.162
kiev,POL,False,False,69.923,69.923
kiev,OKA,True,False,13.485,13.485
kiev,MOS,False,False,64.386,64.386
kiev,NOV,False,False,61.279,61.279
kiev,PSK,False,False,12.278,12.278
kiev,RYA,False,False,16.916,16.916
kiev,TVE,False,False,9.752,9.752
kiev,YAR,False,False,2.001,2.001
kiev,RSO,False,False,4.633,4.633
kiev,GOL,False,False,1.948,1.948
kiev,OPL,False,False,14.172,14.172
kazan,KAZ,True,False,86.23,86.23
kazan,MOS,False,False,33.738,33.738
kazan,NOV,False,False,14.973,14.973
kazan,PSK,False,False,2.681,2.681
kazan,YAR,False,False,9.614,9.614
kazan,NOG,False,False,6.318,6.318
kazan,PRM,False,False,1.362,1.362
novgorod,SWE,False,False,11.795,11.795
novgorod,GOT,False,False,4.481,4.481
novgorod,NOR,False,False,1.992,1.992
novgorod,LIT,False,False,2.445,2.445
novgorod,LIV,False,False,6.402,6.402
novgorod,RIG,False,False,7.036,7.036
novgorod,TEU,False,False,16.215,16.215
novgorod,MOS,True,False,59.676,59.676
novgorod,NOV,True,False,96.027,96.027
novgorod,PSK,True,False,22.406,22.406
novgorod,RYA,True,False,11.558,11.558
novgorod,TVE,True,False,14.649,14.649
novgorod,YAR,True,False,18.668,18.668
novgorod,PRM,False,False,2.288,2.288
novgorod,BLO,True,False,9.81,9.81
novgorod,RSO,True,False,9.924,9.924
novgorod,HSA,False,False,7.077,7.077
novgorod,STE,False,False,2.022,2.022
laplata,GUA,True,False,8.499,8.499
laplata,CUA,True,False,31.871,31.871
brazil,PTG,True,False,16.978,16.978
brazil,TPQ,True,False,9.989,9.989
brazil,TUA,True,False,9.696,9.696
timbuktu,MOR,False,False,4.406,4.406
timbuktu,TUN,False,False,2.161,2.161
timbuktu,TFL,False,False,4.425,4.425
timbuktu,SOS,False,False,2.861,2.861
timbuktu,TLC,False,False,5.392,5.392
timbuktu,BEN,False,False,5.743,5.743
timbuktu,KON,False,False,4.247,4.247
timbuktu,MAL,True,False,70.284,70.284
timbuktu,SON,True,False,48.129,48.129
timbuktu,OYO,False,False,1.983,1.983
timbuktu,JOL,False,False,14.25,14.25
timbuktu,WGD,True,False,19.871,19.871
timbuktu,GUR,True,False,11.578,11.578
timbuktu,BON,True,False,15.392,15.392
timbuktu,DAH,True,False,10.779,10.779
timbuktu,DGB,True,False,11.665,11.665
timbuktu,JNN,True,False,53.88,53.88
timbuktu,KNG,True,False,16.541,16.541
timbuktu,TMB,True,False,45.873,45.873
timbuktu,YAT,True,False,18.561,18.561
ivory_coast,BEN,True,False,49.905,49.905
ivory_coast,KON,False,False,21.237,21.237
ivory_coast,MAL,False,False,8.739,8.739
ivory_coast,LOA,True,False,18.926,18.926
ivory_coast,JOL,True,False,46.155,46.155
ivory_coast,NDO,True,False,16.045,16.045
tunis,FRA,False,False,3.362,3.362
tunis,PRO,False,False,6.532,6.532
tunis,ARA,False,False,18.385,18.385
tunis,CAS,False,False,27.293,27.293
tunis,GRA,False,False,4.328,4.328
tunis,POR,False,False,19.929,19.929
tunis,GEN,False,False,12.138,12.138
tunis,MLO,False,False,5.804,5.804
tunis,NAP,False,False,6.159,6.159
tunis,PAP,False,False,4.27,4.27
tunis,MFA,False,False,1.986,1.986
tunis,LUC,False,False,2.76,2.76
tunis,LAN,False,False,8.269,8.269
tunis,MOR,False,False,4.754,4.754
tunis,TUN,True,False,70.856,70.856
tunis,GHD,True,False,9.129,9.129
tunis,FZA,True,False,13.856,13.856
tunis,MZB,True,False,8.563,8.563
tunis,SZO,False,False,2.018,2.018
tunis,PGA,False,False,1.986,1.986
ragusa,ALB,True,False,14.565,14.565
ragusa,ATH,True,False,20.858,20.858
ragusa,BOS,True,False,13.655,13.655
ragusa,BYZ,False,False,5.229,5.229
ragusa,CRO,True,False,24.541,24.541
ragusa,EPI,True,False,13.323,13.323
ragusa,RAG,True,False,45.403,45.403
ragusa,SER,True,False,19.709,19.709
ragusa,WAL,False,False,21.127,21.127
ragusa,HUN,False,False,74.037,74.037
ragusa,TUR,False,False,31.449,31.449
ragusa,PRO,False,False,6.532,6.532
ragusa,AUG,False,False,7.75,7.75
ragusa,MEM,False,False,6.56,6.56
ragusa,ARA,False,False,6.392,6.392
ragusa,FER,False,False,6.319,6.319
ragusa,GEN,False,False,12.138,12.138
ragusa,MAN,False,False,4.198,4.198
ragusa,MLO,False,False,7.826,7.826
ragusa,NAP,False,False,8.636,8.636
ragusa,PAP,False,False,6.352,6.352
ragusa,SIE,False,False,2.022,2.022
ragusa,URB,False,False,4.116,4.116
ragusa,VEN,False,False,45.939,45.939
ragusa,MFA,False,False,1.986,1.986
ragusa,LUC,False,False,4.782,4.782
ragusa,LAN,False,False,8.269,8.269
ragusa,LBV,False,False,12.132,12.132
ragusa,ING,False,False,10.446,10.446
ragusa,GLG,False,False,8.283,8.283
ragusa,BLG,False,False,2.022,2.022
ragusa,SZO,False,False,2.018,2.018
ragusa,CLI,False,False,1.994,1.994
ragusa,HRZ,True,False,11.756,11.756
ragusa,TNT,False,False,4.698,4.698
ragusa,PGA,False,False,1.986,1.986
safi,CAS,False,False,27.293,27.293
safi,GRA,False,False,2.324,2.324
safi,POR,False,False,17.907,17.907
safi,MOR,True,False,44.026,44.026
safi,TUN,False,False,6.422,6.422
safi,TFL,True,False,29.083,29.083
safi,SOS,True,False,27.23,27.23
safi,TLC,True,False,36.064,36.064
safi,MRK,True,False,15.992,15.992
pest,CRO,False,False,4.288,4.288
pest,WAL,True,False,45.517,45.517
pest,HUN,True,False,134.293,134.293
pest,MAZ,False,False,2.929,2.929
pest,POL,False,False,14.556,14.556
pest,AUG,False,False,7.75,7.75
pest,HAB,False,False,62.891,62.891
pest,SLZ,False,False,6.739,6.739
pest,ULM,False,False,9.644,9.644
pest,WUR,False,False,8.761,8.761
pest,MEM,False,False,6.56,6.56
pest,UBV,False,False,10.11,10.11
pest,LBV,False,False,12.132,12.132
pest,ING,False,False,10.446,10.446
pest,PSS,False,False,5.586,5.586
pest,MBZ,False,False,4.044,4.044
pest,KNZ,False,False,8.707,8.707
pest,REG,False,False,3.821,3.821
pest,OPL,False,False,14.172,14.172
pest,GLG,False,False,8.283,8.283
pest,TNT,False,False,4.698,4.698
krakow,SWE,False,False,7.98,7.98
krakow,GOT,False,False,2.467,2.467
krakow,LIV,False,False,4.372,4.372
krakow,MAZ,True,False,38.277,38.277
krakow,POL,True,False,143.465,143.465
krakow,RIG,False,False,5.022,5.022
krakow,TEU,False,False,22.268,22.268
krakow,ANH,False,False,4.036,4.036
krakow,BOH,False,False,7.191,7.191
krakow,BRA,False,False,28.025,28.025
krakow,BRU,False,False,12.805,12.805
krakow,HAB,False,False,62.891,62.891
krakow,MAG,False,False,10.999,10.999
krakow,SAX,False,False,19.041,19.041
krakow,SLZ,False,False,6.739,6.739
krakow,THU,False,False,16.225,16.225
krakow,ULM,False,False,9.644,9.644
krakow,WUR,False,False,8.761,8.761
krakow,UBV,False,False,10.11,10.11
krakow,PSS,False,False,5.586,5.586
krakow,MBZ,False,False,4.044,4.044
krakow,KNZ,False,False,8.707,8.707
krakow,REG,False,False,10.224,10.224
krakow,OPL,True,False,32.985,32.985
krakow,GLG,True,False,18.976,18.976
krakow,GOS,False,False,5.728,5.728
wien,AAC,False,False,6.692,6.692
wien,ANH,False,False,4.036,4.036
wien,ANS,False,False,4.717,4.717
wien,AUG,True,False,17.857,17.857
wien,BAD,False,False,7.743,7.743
wien,BOH,False,False,54.529,54.529
wien,BRA,False,False,28.025,28.025
wien,BRU,False,False,12.805,12.805
wien,FRN,False,False,14.024,14.024
wien,HAB,True,False,119.68,119.68
wien,HES,False,False,9.772,9.772
wien,KLE,False,False,6.739,6.739
wien,KOL,False,False,14.841,14.841
wien,MAG,False,False,10.999,10.999
wien,MAI,False,False,9.398,9.398
wien,MUN,False,False,12.59,12.59
wien,PAL,False,False,17.684,17.684
wien,SAX,False,False,19.041,19.041
wien,SLZ,True,False,23.04,23.04
wien,THU,False,False,16.225,16.225
wien,TRI,False,False,9.435,9.435
wien,ULM,True,False,26.972,26.972
wien,WBG,False,False,7.376,7.376
wien,WUR,True,False,19.94,19.94
wien,NUM,False,False,12.61,12.61
wien,MEM,True,False,16.355,16.355
wien,NSA,False,False,5.055,5.055
wien,RVA,False,False,8.195,8.195
wien,FER,False,False,4.307,4.307
wien,MAN,False,False,10.664,10.664
wien,NAP,False,False,2.476,2.476
wien,URB,False,False,2.13,2.13
wien,VEN,False,False,74.232,74.232
wien,UBV,True,False,22.718,22.718
wien,LBV,True,False,26.884,26.884
wien,ING,True,False,23.308,23.308
wien,PSS,True,False,13.408,13.408
wien,MBZ,True,False,9.93,9.93
wien,KNZ,True,False,25.107,25.107
wien,ROT,False,False,5.391,5.391
wien,BYT,False,False,3.972,3.972
wien,REG,True,False,33.588,33.588
wien,TTL,False,False,6.402,6.402
wien,BLG,False,False,6.066,6.066
wien,GOS,False,False,5.728,5.728
wien,CLI,False,False,4.835,4.835
wien,TNT,True,False,11.57,11.57
wien,BRG,False,False,9.435,9.435
wien,MLH,False,False,4.717,4.717
wien,BAM,False,False,4.016,4.016
saxony,SWE,False,False,2.105,2.105
saxony,DAN,False,False,58.968,58.968
saxony,NOR,False,False,3.147,3.147
saxony,SHL,False,False,11.548,11.548
saxony,TEU,False,False,2.173,2.173
saxony,ALS,False,False,7.523,7.523
saxony,AAC,False,False,6.692,6.692
saxony,ANH,True,False,10.203,10.203
saxony,ANS,False,False,4.717,4.717
saxony,BAD,False,False,7.743,7.743
saxony,BOH,True,False,91.488,91.488
saxony,BRA,True,False,56.845,56.845
saxony,BRE,False,False,6.44,6.44
saxony,BRU,True,False,28.153,28.153
saxony,FRN,False,False,14.024,14.024
saxony,HAM,False,False,8.421,8.421
saxony,HES,False,False,9.772,9.772
saxony,KLE,False,False,6.739,6.739
saxony,KOL,False,False,14.841,14.841
saxony,MAG,True,False,32.378,32.378
saxony,MAI,False,False,9.398,9.398
saxony,MUN,False,False,12.59,12.59
saxony,PAL,False,False,15.547,15.547
saxony,SAX,True,False,41.786,41.786
saxony,THU,True,False,35.834,35.834
saxony,TRI,False,False,9.435,9.435
saxony,WBG,False,False,7.376,7.376
saxony,NUM,False,False,12.61,12.61
saxony,NSA,False,False,5.055,5.055
saxony,RVA,False,False,8.195,8.195
saxony,HSA,False,False,4.741,4.741
saxony,ROT,False,False,5.391,5.391
saxony,BYT,False,False,3.972,3.972
saxony,TTL,False,False,6.402,6.402
saxony,WOL,False,False,14.563,14.563
saxony,STE,False,False,4.163,4.163
saxony,GOS,True,False,14.49,14.49
saxony,BRG,False,False,9.435,9.435
saxony,MLH,False,False,4.717,4.717
saxony,BAM,False,False,4.016,4.016
baltic_sea,SWE,True,False,56.092,56.092
baltic_sea,DAN,False,False,17.18,17.18
baltic_sea,GOT,True,False,25.737,25.737
baltic_sea,NOR,False,False,3.147,3.147
baltic_sea,SHL,False,False,2.611,2.611
baltic_sea,LIT,False,False,6.102,6.102
baltic_sea,LIV,True,False,36.286,36.286
baltic_sea,RIG,True,False,39.785,39.785
baltic_sea,TEU,True,False,90.207,90.207
baltic_sea,BRE,False,False,6.44,6.44
baltic_sea,HAM,False,False,8.421,8.421
baltic_sea,OLD,False,False,2.026,2.026
baltic_sea,DTT,False,False,2.022,2.022
baltic_sea,HSA,False,False,4.741,4.741
baltic_sea,WOL,False,False,3.105,3.105
baltic_sea,STE,False,False,4.163,4.163
rheinland,SWE,False,False,2.105,2.105
rheinland,DAN,False,False,17.18,17.18
rheinland,NOR,False,False,3.147,3.147
rheinland,SHL,False,False,2.611,2.611
rheinland,ALS,True,False,24.966,24.966
rheinland,BUR,False,False,7.429,7.429
rheinland,FRA,False,False,69.179,69.179
rheinland,NEV,False,False,10.923,10.923
rheinland,ORL,False,False,23.946,23.946
rheinland,AAC,True,False,16.694,16.694
rheinland,ANS,True,False,11.608,11.608
rheinland,BAD,True,False,17.098,17.098
rheinland,BRE,False,False,6.44,6.44
rheinland,FRN,True,False,42.735,42.735
rheinland,HAB,False,False,4.927,4.927
rheinland,HAM,False,False,8.421,8.421
rheinland,HES,True,False,22.023,22.023
rheinland,KLE,True,False,15.774,15.774
rheinland,KOL,True,False,39.241,39.241
rheinland,LAU,False,False,4.016,4.016
rheinland,LOR,False,False,17.412,17.412
rheinland,LUN,False,False,6.739,6.739
rheinland,MAI,True,False,24.525,24.525
rheinland,MKL,False,False,10.11,10.11
rheinland,MUN,True,False,27.209,27.209
rheinland,PAL,True,False,31.288,31.288
rheinland,SWI,False,False,28.72,28.72
rheinland,THU,False,False,1.568,1.568
rheinland,TRI,True,False,21.329,21.329
rheinland,WBG,True,False,17.473,17.473
rheinland,NUM,True,False,38.791,38.791
rheinland,VER,False,False,6.402,6.402
rheinland,NSA,True,False,12.303,12.303
rheinland,RVA,True,False,24.059,24.059
rheinland,HSA,False,False,4.741,4.741
rheinland,ROT,True,False,13.724,13.724
rheinland,BYT,True,False,10.068,10.068
rheinland,GNV,False,False,6.921,6.921
rheinland,TTL,True,False,15.08,15.08
rheinland,WOL,False,False,3.105,3.105
rheinland,STE,False,False,4.163,4.163
rheinland,BRG,True,False,21.768,21.768
rheinland,MLH,True,False,11.608,11.608
rheinland,BAM,True,False,10.161,10.161
panama,MCA,True,False,26.449,26.449
panama,CHT,True,False,5.875,5.875
panama,MIS,True,False,6.8,6.8
panama,TAI,True,False,8.801,8.801
carribean_trade,CAB,True,False,8.499,8.499
chesapeake_bay,CHE,True,False,10.087,10.087
chesapeake_bay,ABE,True,False,8.868,8.868
chesapeake_bay,LEN,True,False,22.322,22.322
chesapeake_bay,MAH,False,False,2.022,2.022
chesapeake_bay,MIK,False,False,2.018,2.018
chesapeake_bay,PEQ,True,False,9.715,9.715
chesapeake_bay,POW,True,False,9.584,9.584
chesapeake_bay,ALT,True,False,9.376,9.376
chesapeake_bay,ICH,True,False,8.515,8.515
chesapeake_bay,COF,True,False,10.087,10.087
chesapeake_bay,JOA,True,False,10.224,10.224
chesapeake_bay,ETO,True,False,9.51,9.51
chesapeake_bay,SAT,True,False,9.51,9.51
chesapeake_bay,CIA,True,False,9.91,9.91
chesapeake_bay,COO,True,False,10.087,10.087
chesapeake_bay,KSI,True,False,9.018,9.018
chesapeake_bay,STA,False,False,3.694,3.694
chesapeake_bay,TSC,True,False,9.179,9.179
chesapeake_bay,PEN,False,False,2.022,2.022
chesapeake_bay,WAM,True,False,9.018,9.018
st_lawrence,MAH,True,False,10.443,10.443
st_lawrence,MIK,True,False,10.335,10.335
st_lawrence,OSH,True,False,15.533,15.533
st_lawrence,STA,True,False,25.547,25.547
st_lawrence,PEN,True,False,10.354,10.354
st_lawrence,MLS,True,False,8.654,8.654
st_lawrence,INN,True,False,8.637,8.637
st_lawrence,AGQ,True,False,9.442,9.442
white_sea,SWE,False,False,0.404,0.404
white_sea,NOR,False,False,7.692,7.692
white_sea,ENG,False,False,2.759,2.759
white_sea,SCO,False,False,8.908,8.908
white_sea,MOS,False,False,4.672,4.672
white_sea,NOV,False,False,15.877,15.877
white_sea,PRM,True,False,18.395,18.395
north_sea,SWE,False,False,2.105,2.105
north_sea,DAN,False,False,17.18,17.18
north_sea,NOR,False,False,40.911,40.911
north_sea,SHL,False,False,4.597,4.597
north_sea,CNN,True,False,22.99,22.99
north_sea,ENG,False,False,51.979,51.979
north_sea,LEI,True,False,22.99,22.99
north_sea,MNS,True,False,23.576,23.576
north_sea,SCO,True,False,67.822,67.822
north_sea,TYR,True,False,23.576,23.576
north_sea,ULS,True,False,23.576,23.576
north_sea,DMS,True,False,30.319,30.319
north_sea,SLN,True,False,25.598,25.598
north_sea,KID,True,False,9.26,9.26
north_sea,ORD,True,False,8.775,8.775
north_sea,TRY,True,False,22.696,22.696
north_sea,FLY,True,False,8.29,8.29
north_sea,MCM,True,False,22.625,22.625
north_sea,LOI,True,False,14.627,14.627
north_sea,BUR,False,False,2.231,2.231
north_sea,BRE,False,False,8.462,8.462
north_sea,EFR,False,False,5.364,5.364
north_sea,HAM,False,False,10.443,10.443
north_sea,LAU,False,False,2.008,2.008
north_sea,LUN,False,False,2.022,2.022
north_sea,MKL,False,False,2.022,2.022
north_sea,OLD,False,False,2.026,2.026
north_sea,VER,False,False,2.022,2.022
north_sea,DTT,False,False,2.022,2.022
north_sea,BRB,False,False,7.733,7.733
north_sea,FLA,False,False,7.149,7.149
north_sea,FRI,False,False,2.052,2.052
north_sea,GEL,False,False,2.022,2.022
north_sea,HOL,False,False,10.164,10.164
north_sea,LIE,False,False,2.028,2.028
north_sea,UTR,False,False,2.022,2.022
north_sea,HSA,False,False,6.763,6.763
north_sea,WOL,False,False,5.127,5.127
north_sea,STE,False,False,6.185,6.185
lubeck,SWE,False,False,10.527,10.527
lubeck,DAN,True,False,108.844,108.844
lubeck,NOR,True,False,34.444,34.444
lubeck,SHL,True,False,31.196,31.196
lubeck,ENG,False,False,38.179,38.179
lubeck,BUR,False,False,2.231,2.231
lubeck,BRA,False,False,1.213,1.213
lubeck,BRE,True,False,60.938,60.938
lubeck,EFR,False,False,5.364,5.364
lubeck,HAM,True,False,71.826,71.826
lubeck,LAU,True,False,7.464,7.464
lubeck,LUN,True,False,10.123,10.123
lubeck,MKL,True,False,18.818,18.818
lubeck,OLD,True,False,15.805,15.805
lubeck,VER,True,False,27.15,27.15
lubeck,DTT,True,False,25.818,25.818
lubeck,BRB,False,False,5.727,5.727
lubeck,FLA,False,False,5.163,5.163
lubeck,HOL,False,False,8.178,8.178
lubeck,HSA,True,False,48.984,48.984
lubeck,WOL,True,False,29.499,29.499
lubeck,STE,True,False,35.833,35.833
bordeaux,ENG,False,False,35.703,35.703
bordeaux,AMG,True,False,13.532,13.532
bordeaux,AUV,True,False,9.353,9.353
bordeaux,BOU,True,False,11.21,11.21
bordeaux,BRI,True,False,59.799,59.799
bordeaux,BUR,False,False,7.429,7.429
bordeaux,FOI,True,False,11.235,11.235
bordeaux,FRA,False,False,41.324,41.324
bordeaux,ORL,False,False,5.609,5.609
bordeaux,PRO,True,False,8.6,8.6
bordeaux,LOR,False,False,2.716,2.716
bordeaux,SWI,False,False,2.232,2.232
bordeaux,CAS,False,False,3.029,3.029
bordeaux,NAV,True,False,8.74,8.74
sevilla,FRA,False,False,3.362,3.362
sevilla,ARA,False,False,11.993,11.993
sevilla,CAS,True,False,141.718,141.718
sevilla,GRA,True,False,40.333,40.333
sevilla,POR,True,False,106.177,106.177
sevilla,MOR,False,False,12.901,12.901
champagne,ENG,False,False,87.799,87.799
champagne,BUR,True,False,96.722,96.722
champagne,FRA,True,False,142.112,142.112
champagne,NEV,True,False,24.353,24.353
champagne,ORL,True,False,47.418,47.418
champagne,PRO,False,False,10.822,10.822
champagne,EFR,False,False,3.342,3.342
champagne,LOR,True,False,36.592,36.592
champagne,SWI,True,False,38.929,38.929
champagne,ARA,False,False,6.392,6.392
champagne,GEN,False,False,12.138,12.138
champagne,MLO,False,False,5.804,5.804
champagne,NAP,False,False,6.159,6.159
champagne,PAP,False,False,4.27,4.27
champagne,SAV,True,False,38.971,38.971
champagne,LUC,False,False,2.76,2.76
champagne,LAN,False,False,8.269,8.269
champagne,BRB,False,False,26.455,26.455
champagne,FLA,False,False,21.051,21.051
champagne,FRI,False,False,10.26,10.26
champagne,GEL,False,False,11.794,11.794
champagne,HOL,False,False,8.178,8.178
champagne,LIE,True,False,17.846,17.846
champagne,UTR,False,False,8.761,8.761
champagne,GNV,True,False,17.242,17.242
valencia,FRA,False,False,16.815,16.815
valencia,PRO,False,False,6.532,6.532
valencia,ARA,True,False,77.833,77.833
valencia,GEN,False,False,12.138,12.138
valencia,MLO,False,False,5.804,5.804
valencia,NAP,False,False,6.159,6.159
valencia,PAP,False,False,4.27,4.27
valencia,LUC,False,False,2.76,2.76
valencia,LAN,False,False,8.269,8.269
genua,PRO,False,False,17.33,17.33
genua,ARA,False,False,18.052,18.052
genua,GEN,True,False,80.02,80.02
genua,MLO,True,False,39.672,39.672
genua,NAP,True,False,39.737,39.737
genua,PAP,True,False,36.625,36.625
genua,SAV,False,False,6.954,6.954
genua,SIE,True,False,19.376,19.376
genua,MFA,True,False,9.4,9.4
genua,LUC,True,False,27.429,27.429
genua,LAN,True,False,55.367,55.367
genua,SZO,True,False,9.236,9.236
genua,PGA,True,False,8.828,8.828
venice,HAB,False,False,7.558,7.558
venice,FER,True,False,36.83,36.83
venice,MAN,True,False,18.998,18.998
venice,MLO,False,False,3.424,3.424
venice,NAP,False,False,7.191,7.191
venice,PAP,False,False,4.226,4.226
venice,URB,True,False,21.151,21.151
venice,VEN,True,False,141.254,141.254
venice,BLG,True,False,10.414,10.414
venice,CLI,True,False,8.57,8.57
english_channel,ENG,True,False,216.863,216.863
english_channel,BUR,False,False,9.674,9.674
english_channel,EFR,True,False,43.026,43.026
english_channel,BRB,True,False,47.583,47.583
english_channel,FLA,True,False,46.527,46.527
english_channel,FRI,True,False,34.278,34.278
english_channel,GEL,True,False,32.144,32.144
english_channel,HOL,True,False,74.52,74.52
english_channel,LIE,False,False,2.438,2.438
english_channel,UTR,True,False,32.454,32.454
